{
    "uvs": [[0.0001,0.9999,0.0001,0.0001,0.9999,0.0001,0.0001,0.9999,0.0001,0.0001,0.999899,0.0001,0.9999,0.9999,0.0001,0.9999,0.0001,0.0001,0.9999,0.9999,0.0001,0.9999,0.0001,0.0001,0.0001,0.9999,0.0001,0.0001,0.999899,0.0001,0.9999,0.9999,0.0001,0.9999,0.0001,0.0001,0.9999,0.999899,0.9999,0.0001,0.9999,0.0001,0.9999,0.9999]],
    "normals": [0.577349,-0.577349,0.577349,-0.577349,-0.577349,0.577349,-0.577349,-0.577349,-0.577349,-0.577349,0.577349,-0.577349,-0.577349,0.577349,0.577349,0.577349,0.577349,0.577349,0.577349,0.577349,-0.577349,0.577349,-0.577349,-0.577349],
    "metadata": {
        "uvs": 1,
        "version": 3,
        "type": "Geometry",
        "generator": "io_three",
        "vertices": 8,
        "normals": 8,
        "faces": 12
    },
    "vertices": [1,-1,-1,1,-1,1,-1,-1,1,-1,-1,-1,1,1,-1,0.999999,1,1,-1,1,1,-1,1,-1],
    "name": "CubeGeometry",
    "faces": [40,1,2,3,0,1,2,0,1,2,40,7,6,5,3,4,5,3,4,5,40,4,5,1,6,7,8,6,5,0,40,5,6,2,9,10,11,5,4,1,40,2,6,7,12,13,14,1,4,3,40,0,3,7,15,16,17,7,2,3,40,0,1,3,15,0,2,7,0,2,40,4,7,5,18,3,5,6,3,5,40,0,4,1,19,6,8,7,6,0,40,1,5,2,20,9,11,0,5,1,40,3,2,7,21,12,14,2,1,3,40,4,0,7,19,15,17,6,7,3]
}